{
  "accuracy": [
    0.21749408543109894,
    0.23167848587036133,
    0.2009456306695938,
    0.18676123023033142,
    0.19148936867713928,
    0.17966903746128082,
    0.2293144166469574,
    0.21040189266204834,
    0.2080378234386444,
    0.19385342299938202,
    0.20567375421524048,
    0.22695034742355347,
    0.1773049682378769,
    0.19858156144618988,
    0.2222222238779068,
    0.22458629310131073,
    0.2293144166469574,
    0.2080378234386444,
    0.19858156144618988,
    0.19385342299938202,
    0.1773049682378769,
    0.2009456306695938,
    0.16784870624542236,
    0.21040189266204834,
    0.17257682979106903,
    0.19385342299938202,
    0.19858156144618988,
    0.18912529945373535,
    0.21985815465450287,
    0.21276596188545227,
    0.17966903746128082,
    0.19385342299938202
  ],
  "auc": [
    0.5045255422592163,
    0.509970486164093,
    0.5080332159996033,
    0.4990924894809723,
    0.5012239813804626,
    0.48263487219810486,
    0.5089274048805237,
    0.5264867544174194,
    0.5233514308929443,
    0.4812118113040924,
    0.527611494064331,
    0.5274654626846313,
    0.4882921576499939,
    0.516116738319397,
    0.5221707820892334,
    0.522022008895874,
    0.5140146613121033,
    0.5035175085067749,
    0.4977344274520874,
    0.4890899062156677,
    0.5001872181892395,
    0.49913930892944336,
    0.4948764443397522,
    0.5093563795089722,
    0.4937112033367157,
    0.49759045243263245,
    0.5008445978164673,
    0.48910459876060486,
    0.5018107891082764,
    0.49442654848098755,
    0.4916146695613861,
    0.5147725939750671
  ],
  "loss": [
    2.2314038276672363,
    2.2403242588043213,
    2.2252345085144043,
    2.175522565841675,
    2.1909396648406982,
    2.198112964630127,
    2.1164422035217285,
    2.0672364234924316,
    2.1023640632629395,
    2.2027904987335205,
    2.0652518272399902,
    1.9904202222824097,
    2.182945728302002,
    2.089418888092041,
    1.9729186296463013,
    2.048856258392334,
    2.205397844314575,
    2.2539496421813965,
    2.2932515144348145,
    2.316044330596924,
    2.258410930633545,
    2.2464210987091064,
    2.2523396015167236,
    2.183870792388916,
    2.210552930831909,
    2.2214269638061523,
    2.208329916000366,
    2.267075300216675,
    2.290120840072632,
    2.2518274784088135,
    2.2140965461730957,
    2.1964757442474365
  ],
  "precision": [
    0.22596153616905212,
    0.20297029614448547,
    0.220095694065094,
    0.17894737422466278,
    0.19209039211273193,
    0.1779141128063202,
    0.20765027403831482,
    0.257485032081604,
    0.2571428716182709,
    0.17341040074825287,
    0.2750000059604645,
    0.23999999463558197,
    0.16774193942546844,
    0.20348836481571198,
    0.2278480976819992,
    0.25925925374031067,
    0.21153846383094788,
    0.17129629850387573,
    0.20095694065093994,
    0.1704035848379135,
    0.20879121124744415,
    0.22772277891635895,
    0.15422885119915009,
    0.20873786509037018,
    0.17171716690063477,
    0.20283019542694092,
    0.1822916716337204,
    0.21287128329277039,
    0.18719211220741272,
    0.1902438998222351,
    0.20588235557079315,
    0.22685185074806213
  ],
  "recall": [
    0.1111111119389534,
    0.09692671149969101,
    0.10874704271554947,
    0.08037824928760529,
    0.08037824928760529,
    0.06855791807174683,
    0.08983451873064041,
    0.10165484994649887,
    0.10638298094272614,
    0.07092198729515076,
    0.1040189117193222,
    0.08510638028383255,
    0.06146572157740593,
    0.08274231851100922,
    0.08510638028383255,
    0.09929078072309494,
    0.1040189117193222,
    0.08747044950723648,
    0.09929078072309494,
    0.08983451873064041,
    0.08983451873064041,
    0.10874704271554947,
    0.07328604906797409,
    0.10165484994649887,
    0.08037824928760529,
    0.10165484994649887,
    0.08274231851100922,
    0.10165484994649887,
    0.08983451873064041,
    0.09219858050346375,
    0.09929078072309494,
    0.11583924293518066
  ],
  "val_accuracy": [
    0.23140496015548706,
    0.21487602591514587,
    0.1735537201166153,
    0.19834710657596588,
    0.19834710657596588,
    0.19834710657596588,
    0.20661157369613647,
    0.1900826394557953,
    0.1900826394557953,
    0.1735537201166153,
    0.1900826394557953,
    0.1652892529964447,
    0.1652892529964447,
    0.1900826394557953,
    0.19834710657596588,
    0.19834710657596588,
    0.22314049303531647,
    0.23140496015548706,
    0.23966942727565765,
    0.23966942727565765,
    0.22314049303531647,
    0.1818181872367859,
    0.1818181872367859,
    0.1735537201166153,
    0.1900826394557953,
    0.1735537201166153,
    0.1818181872367859,
    0.19834710657596588,
    0.21487602591514587,
    0.20661157369613647,
    0.22314049303531647,
    0.21487602591514587
  ],
  "val_auc": [
    0.5189536213874817,
    0.5187657475471497,
    0.5098524689674377,
    0.5085291266441345,
    0.5037907361984253,
    0.5040297508239746,
    0.5072911977767944,
    0.508998692035675,
    0.5083925127983093,
    0.5066081285476685,
    0.5075644254684448,
    0.5043712854385376,
    0.5023905634880066,
    0.5042176246643066,
    0.505079984664917,
    0.5021856427192688,
    0.52294921875,
    0.5253739356994629,
    0.5258349776268005,
    0.5290451645851135,
    0.5279608964920044,
    0.5256557464599609,
    0.5249556303024292,
    0.5213527083396912,
    0.5206526517868042,
    0.5189536809921265,
    0.5210197567939758,
    0.5212758779525757,
    0.5231712460517883,
    0.5251092910766602,
    0.5230687856674194,
    0.5246738791465759
  ],
  "val_loss": [
    1.7357218265533447,
    1.7526967525482178,
    1.7968649864196777,
    1.833055019378662,
    1.8757810592651367,
    1.9135615825653076,
    1.9522019624710083,
    2.0012102127075195,
    2.0648629665374756,
    2.1546690464019775,
    2.263847827911377,
    2.342944860458374,
    2.412940263748169,
    2.543126106262207,
    2.6175076961517334,
    2.7276649475097656,
    1.7346304655075073,
    1.7393620014190674,
    1.7468297481536865,
    1.749101161956787,
    1.7646185159683228,
    1.786170482635498,
    1.7985903024673462,
    1.8283919095993042,
    1.8598451614379883,
    1.8910489082336426,
    1.9212713241577148,
    1.946542501449585,
    1.9844534397125244,
    2.0187385082244873,
    2.055872678756714,
    2.114365816116333
  ],
  "val_precision": [
    0.0,
    0.0,
    0.0,
    0.0,
    0.1428571492433548,
    0.1538461595773697,
    0.125,
    0.2222222238779068,
    0.1818181872367859,
    0.16129031777381897,
    0.15000000596046448,
    0.1666666716337204,
    0.1551724076271057,
    0.14754098653793335,
    0.17910447716712952,
    0.1780821979045868,
    0.0,
    0.0,
    0.25,
    0.25,
    0.2222222238779068,
    0.20000000298023224,
    0.1666666716337204,
    0.13333334028720856,
    0.1428571492433548,
    0.13636364042758942,
    0.2142857164144516,
    0.25,
    0.23076923191547394,
    0.2380952388048172,
    0.21739129722118378,
    0.22641509771347046
  ],
  "val_recall": [
    0.0,
    0.0,
    0.0,
    0.0,
    0.00826446246355772,
    0.01652892492711544,
    0.01652892492711544,
    0.03305784985423088,
    0.03305784985423088,
    0.041322313249111176,
    0.04958677664399147,
    0.07438016682863235,
    0.07438016682863235,
    0.07438016682863235,
    0.09917355328798294,
    0.10743801295757294,
    0.0,
    0.0,
    0.00826446246355772,
    0.01652892492711544,
    0.01652892492711544,
    0.01652892492711544,
    0.01652892492711544,
    0.01652892492711544,
    0.024793388321995735,
    0.024793388321995735,
    0.04958677664399147,
    0.06611569970846176,
    0.07438016682863235,
    0.08264462649822235,
    0.08264462649822235,
    0.09917355328798294
  ],